S,B,latency,memory,energy,is_validation
32,1,0.0006637119948863983,18763776,0.02035932315859323,False
32,2,0.00047308799624443056,18874368,0.02145104068117313,False
32,4,0.00047279998660087585,19095552,0.022032616402741668,False
32,8,0.0004939840137958527,19537920,0.025540133366263276,False
32,16,0.0006429440081119537,14843904,0.031374799099967855,False
32,32,0.00058992001414299,15958016,0.037002654084340905,False
32,64,0.0007884799838066101,18186240,0.05221363815530154,False
32,111,0.0019169280529022217,52963840,0.1328917624521073,True
32,128,0.0021176319122314454,59342848,0.14725396825396825,False
32,133,0.0022233279943466187,61665280,0.15455666666666668,True
32,139,0.0023100799322128295,62755328,0.1600854503464203,True
32,256,0.003978575944900513,103669760,0.27408349900596424,False
64,1,0.0005073760151863098,23969792,0.02628158295281583,False
64,2,0.0004976640045642852,24117248,0.031062453346603635,False
64,4,0.000507856011390686,24903680,0.03415156130997715,False
64,8,0.0006344639956951141,17793536,0.038226133840786554,False
64,16,0.0005570560097694397,19497472,0.03645307713728766,False
64,32,0.000913648009300232,22642688,0.05967534246575342,False
64,64,0.0015421439409255982,32210944,0.10549498843484965,False
64,111,0.004220576047897339,68098560,0.2898924050632911,True
64,128,0.004840656042098998,76644352,0.3314685990338164,False
64,133,0.005106832027435303,79642624,0.35013265306122454,True
64,139,0.005231135845184326,82199040,0.35822454308093993,True
64,256,0.009407072067260743,138272768,0.6430046948356808,False
80,1,0.00054476797580719,24052736,0.03584885620915033,True
80,2,0.0006095359921455383,24283136,0.03389853747714808,True
80,4,0.0005515680015087128,25235456,0.03433995037220844,True
80,8,0.0005524480044841766,18752000,0.03620795360397681,True
80,16,0.0008533920049667359,20692992,0.057836177474402735,True
80,32,0.0013254879713058471,27656192,0.08586613651424785,True
80,64,0.0025140800476074216,41582592,0.16154899497487435,True
80,111,0.00734771203994751,79556096,0.4982307692307692,True
80,128,0.00822324800491333,90931200,0.5841147540983607,True
80,133,0.008837247848510742,93150208,0.5986784140969164,True
80,139,0.00906009578704834,96527872,0.6141357466063347,True
80,256,0.01588771152496338,223707136,1.0762380952380952,True
128,1,0.0006367360055446625,24412160,0.037597390197326545,False
128,2,0.0005406399965286256,17794048,0.03354405405405406,False
128,4,0.0006215679943561553,19497984,0.0404738968303294,False
128,8,0.001027999997138977,22642688,0.07049743062692702,False
128,16,0.0016033760309219361,32210944,0.10426282051282051,False
128,32,0.003022847890853882,49381376,0.20636404833836858,False
128,64,0.005797696113586426,119316480,0.3755942028985508,False
128,111,0.014019040107727051,196878336,0.9594195804195804,True
128,128,0.016016655921936032,223518720,1.091408,False
128,133,0.01702230453491211,243171328,1.160915254237288,True
128,139,0.01752446460723877,246710272,1.1910608695652174,True
128,256,0.03195536041259765,431923200,2.172174603174603,False
208,1,0.0007752319872379302,18340352,0.04491279069767442,True
208,2,0.0007644959986209869,20590080,0.0499067634696217,True
208,4,0.0012431360483169556,25497600,0.08074704785581106,True
208,8,0.002234608054161072,37265408,0.15244196428571427,True
208,16,0.004239359855651856,61718528,0.2744555084745763,True
208,32,0.007123567819595337,140795904,0.4847402135231316,True
208,64,0.013845647811889648,265650176,0.9411862068965517,True
208,111,0.03522113609313965,450415616,2.405087719298246,True
208,128,0.040392721176147464,514170880,2.741,True
208,133,0.04281068801879883,559153152,2.913446808510638,True
208,139,0.04469260787963868,568402944,3.0374444444444446,True
208,256,0.08303166198730469,1013284864,5.45468,True
224,1,0.0005699519813060761,18699776,0.035463247863247865,False
224,2,0.0008414080142974854,21308928,0.05459655027345394,False
224,4,0.0013518719673156739,27377664,0.08770270270270271,False
224,8,0.002514047980308533,41025536,0.1709723618090452,False
224,16,0.004699568033218384,68780032,0.31825117370892014,False
224,32,0.008648191928863526,174673920,0.5870646551724138,False
224,64,0.016707584381103514,335904768,1.1387916666666666,False
224,111,0.04454038429260254,572041216,3.1654666666666667,True
224,128,0.05054262542724609,655458304,3.4008499999999997,False
224,133,0.054446863174438476,713443328,3.8625405405405404,True
224,139,0.05600723266601562,725121024,3.7829722222222224,True
224,256,0.1029684944152832,1292992512,7.15555,False
256,1,0.000634880006313324,19499008,0.039526499523960645,False
256,2,0.0009850879907608032,22906880,0.06733185622845889,False
256,4,0.001695583999156952,32210944,0.11529237288135592,False
256,8,0.003170112013816833,49381376,0.2049350237717908,False
256,16,0.005598879814147949,119316480,0.38241061452513964,False
256,32,0.010678000450134277,223518720,0.7252393617021277,False
256,64,0.020939040184021,431923200,1.4225520833333334,False
256,111,0.05510721778869629,744529920,3.8638108108108113,True
256,128,0.06275503921508789,848732160,4.25671875,False
256,133,0.0674167022705078,928612352,4.7715000000000005,True
256,139,0.06918366241455079,943030272,4.699379310344828,True
256,256,0.1264089775085449,1683062784,8.545875,False
304,1,0.0007614720165729522,20897280,0.049534830605253134,True
304,2,0.0014192639589309692,26779648,0.09676524822695035,True
304,4,0.0024227840900421143,39620608,0.1575411622276029,True
304,8,0.004532320022583008,64004096,0.30816515837104075,True
304,16,0.007845920085906982,153698304,0.5337019607843138,True
304,32,0.015059616088867188,291143680,1.0256315789473684,True
304,64,0.029855743408203125,565706752,2.038597014925373,True
304,111,0.08008448028564452,973778944,5.429320000000001,True
304,128,0.09109503936767578,1114464256,6.2035,True
304,133,0.09739263916015625,1216093184,6.501809523809524,True
304,139,0.10128211212158203,1236387840,7.190300000000001,True
304,256,0.18258866119384765,2213552128,12.42781818181818,True
320,1,0.0008463039994239807,21416448,0.05223688663282572,True
320,2,0.0015523359775543213,27656192,0.10054460822342902,True
320,4,0.0026233599185943603,41582592,0.16914941022280472,True
320,8,0.004834671974182129,70746112,0.3282125603864734,True
320,16,0.008335407733917236,159744000,0.5664458333333333,True
320,32,0.01607364749908447,303136768,1.0904639999999999,True
320,64,0.031932416915893554,588513280,2.164904761904762,True
320,111,0.08872598266601563,1013630976,6.225217391304348,True
320,128,0.10129118347167969,1159815168,6.7789,True
320,133,0.10867569732666016,1263632384,7.555157894736842,True
320,139,0.11188868713378906,1286160384,7.595388888888889,True
320,256,0.20396031951904298,2304516096,13.6964,True
384,1,0.0010968000292778015,23822336,0.0749594298245614,False
384,2,0.00208459198474884,33783808,0.14232604166666668,False
384,4,0.0036228159666061403,53837824,0.24653345388788425,False
384,8,0.00685318398475647,95125504,0.4675787671232876,False
384,16,0.012331984043121337,227639296,0.8340920245398773,False
384,32,0.023353567123413084,436260864,1.588081395348837,False
384,64,0.046204673767089845,857407488,3.1095,False
384,111,0.12444055938720704,1484802048,8.416,True
384,128,0.14168780517578125,1699840000,10.021866666666666,False
384,133,0.15203964233398437,1853390848,10.768357142857143,True
384,139,0.1580368118286133,1884061696,11.043538461538462,True
384,256,0.2894075622558594,3384287232,19.581142857142858,False
512,1,0.0018071359992027284,32210944,0.11742908762420957,False
512,2,0.0035171519517898557,49381376,0.2407469244288225,False
512,4,0.006464992046356201,85032960,0.4172483870967742,False
512,8,0.01195366382598877,156336128,0.8107202380952381,False
512,16,0.020955295562744142,399734784,1.4178333333333333,False
512,32,0.04106356811523437,784355328,2.792183673469388,False
512,64,0.08124465560913086,1553596416,5.4539599999999995,False
512,111,0.2210489501953125,2699069440,15.0348,True
512,128,0.2536724319458008,3092348928,17.98975,False
512,133,0.27019293212890627,3373938688,18.845125,True
512,139,0.27980673217773433,3430561792,19.719,True
512,256,0.5138478393554687,6169042944,36.034,False
