iteration,epoch,lr,train_loss,train_acc,test_loss,test_acc,time
100,2.0,0.35,2.799344375,0.10076,2.39434171875,0.10392,32.67569481300052
200,4.0,0.35,2.3032490625,0.10246,2.30606390625,0.09956,65.25305996299994
300,6.0,0.35,2.3029428125,0.10259,2.3043978125,0.10032,97.75242709299982
400,8.0,0.35,2.30261546875,0.10263,2.30443875,0.09976,130.26816672299992
500,10.0,0.35,2.3023840625,0.1027,2.304328125,0.1006,162.90560350600026
600,12.0,0.35,2.3020803125,0.10274,2.30452328125,0.0996,195.61965870200038
700,14.0,0.35,2.3016171875,0.10272,2.30446125,0.10048,228.25405563200002
800,16.0,0.35,2.3009240625,0.10339,2.304673125,0.09952,260.82834868900045
900,18.0,0.35,2.29827515625,0.10733,2.3050809375,0.10048,293.34945874999994
1000,20.0,0.35,2.239138125,0.13364,2.4239359375,0.11184,325.9469827439998
1100,22.0,0.35,1.91410765625,0.24662,3.923575,0.10048,358.6711891450004
1200,24.0,0.35,1.6783934375,0.34768,5.77625875,0.09952,391.4198710319997
1300,26.0,0.35,1.440005625,0.45966,6.200395,0.10048,424.2180608460003
1400,28.0,0.35,1.222455390625,0.55035,7.997445,0.09952,457.065924814
1500,30.0,0.35,1.061949609375,0.61771,5.67514375,0.10068,489.94277870600035
1600,32.0,0.35,0.917018125,0.6725,5.628525,0.09952,522.807857496
1700,34.0,0.35,0.808215234375,0.71542,5.010411875,0.101,555.724747196
1800,36.0,0.35,0.727072578125,0.74481,4.454964375,0.0996,588.6582085340006
1900,38.0,0.35,0.6624553125,0.7688,3.80382625,0.1508,621.690883624
2000,40.0,0.35,0.599841015625,0.79088,4.17778125,0.14064,654.8765767550003
2100,42.0,0.35,0.5643015625,0.80392,3.91517125,0.14444,688.1194714439998
2200,44.0,0.35,0.5223528125,0.81813,4.229435625,0.14192,721.2669081800004
2300,46.0,0.35,0.47420609375,0.83386,4.175199375,0.14756,754.3148474330001
2400,48.0,0.35,0.434838359375,0.84897,4.7724534375,0.12364,787.3308635150006
2500,50.0,0.35,0.4137014453125,0.85557,4.38359125,0.15312,820.3181616299998
2600,52.0,0.35,0.38422765625,0.86583,4.2619353125,0.13816,853.4030866390003
2700,54.0,0.35,0.3538489453125,0.8766,4.2431734375,0.15452,886.638250299
2800,56.0,0.35,0.341677890625,0.88148,4.179381875,0.14528,919.9207824040004
2900,58.0,0.35,0.317012734375,0.89021,4.212446875,0.17364,953.0477261040005
3000,60.0,0.35,0.305979296875,0.89314,4.6053284375,0.1452,986.0569261370001
3100,62.0,0.35,0.300068671875,0.89474,4.440678125,0.16648,1019.0537830660005
3200,64.0,0.35,0.2777625,0.90348,4.231394375,0.10128,1052.0678735410002
3300,66.0,0.35,0.27054181640625,0.90448,4.0201909375,0.14008,1085.2269195549998
3400,68.0,0.35,0.253864453125,0.91092,4.42001375,0.10104,1118.549661256
3500,70.0,0.35,0.23677888671875,0.91658,3.767065625,0.12992,1151.932966372
3600,72.0,0.35,0.2353209375,0.91695,4.482988125,0.12092,1185.3056564469998
3700,74.0,0.35,0.24260421875,0.91438,4.7947946875,0.12372,1218.5477188200002
3800,76.0,0.35,0.217179609375,0.9236,3.616859375,0.17736,1251.6687869039997
3900,78.0,0.35,0.1966103125,0.93154,3.5305025,0.18224,1284.7518124350008
4000,80.0,0.35,0.18876546875,0.93361,3.3406071875,0.21572,1317.8940154779993
4100,82.0,0.35,0.179494765625,0.93758,3.088153125,0.2058,1351.1462446839996
4200,84.0,0.35,0.1658338671875,0.94156,2.92164,0.27208,1384.4534459839997
4300,86.0,0.35,0.16484609375,0.94173,2.849028125,0.30836,1417.7915167209994
4400,88.0,0.35,0.153684912109375,0.94592,2.50051,0.32196,1451.1364215119993
4500,90.0,0.35,0.1539825390625,0.94515,4.105535,0.22772,1484.4583236760009
4600,92.0,0.35,0.144427626953125,0.9491,2.25582453125,0.38076,1517.775312631
4700,94.0,0.35,0.1439133984375,0.94942,2.431731875,0.31936,1551.0929465650006
4800,96.0,0.35,0.134528974609375,0.95275,1.898673125,0.3902,1584.3557487489998
4900,98.0,0.35,0.13586041015625,0.952,1.905116875,0.39212,1617.5975460959999
5000,100.0,0.35,0.14238771484375,0.94953,2.2864421875,0.36108,1650.8593188150007
5100,102.0,0.35,0.134804404296875,0.95137,2.5847821875,0.32796,1684.0788505660003
5200,104.0,0.35,0.13151662109375,0.95357,2.2436390625,0.35916,1717.3003272469996
5300,106.0,0.35,0.12325974609375,0.95658,2.5278590625,0.35596,1750.5411511330003
5400,108.0,0.35,0.12443189453125,0.95573,1.967618125,0.43104,1783.7530053520004
5500,110.0,0.35,0.1225781640625,0.95678,1.85417328125,0.44712,1816.9697088680005
5600,112.0,0.35,0.1165053125,0.95884,2.2027790625,0.45528,1850.1621341539994
5700,114.0,0.35,0.11454240234375,0.96013,3.8696746875,0.25084,1883.341795329001
5800,116.0,0.35,0.10923341796875,0.96114,3.142914375,0.28604,1916.5193805899999
5900,118.0,0.35,0.10714640625,0.96202,2.1559278125,0.41232,1949.7179495
6000,120.0,0.35,0.101947890625,0.96429,1.7229825,0.45688,1982.8939645680002
6100,122.0,0.35,0.107010615234375,0.96206,2.03931796875,0.45,2016.0796634239996
6200,124.0,0.35,0.100195703125,0.96434,1.87428328125,0.44748,2049.2656452579995
6300,126.0,0.35,0.09748056640625,0.96542,2.206735,0.37296,2082.482523916
6400,128.0,0.35,0.09516462890625,0.96661,1.52320859375,0.5278,2115.721980769
6500,130.0,0.35,0.10051451171875,0.96434,1.88549015625,0.44312,2148.9881775150006
6600,132.0,0.35,0.10001244140625,0.96447,1.8587415625,0.46344,2182.254894705
6700,134.0,0.35,0.0953096484375,0.96715,1.64342125,0.52896,2215.543476342
6800,136.0,0.35,0.09416771484375,0.96688,1.910849375,0.45492,2248.8258187310003
6900,138.0,0.35,0.09617890625,0.96582,1.8823246875,0.51904,2282.1060038939995
7000,140.0,0.35,0.09397505859375,0.96618,1.368880625,0.56844,2315.388773734001
7100,142.0,0.35,0.095377353515625,0.96632,1.78263484375,0.49204,2348.697573738
7200,144.0,0.35,0.088829140625,0.96854,1.4866646875,0.56828,2382.006314278
7300,146.0,0.35,0.08625271484375,0.96954,2.3067625,0.44124,2415.2624446030004
7400,148.0,0.35,0.082083603515625,0.97104,2.9979140625,0.34092,2448.5180819180005
7500,150.0,0.35,0.08552826171875,0.96993,1.4758959375,0.574,2481.786644420001
7600,152.0,0.35,0.082099423828125,0.97181,1.61321,0.57008,2515.06300131
7700,154.0,0.35,0.083337265625,0.97073,1.178920859375,0.65916,2548.3484832569993
7800,156.0,0.35,0.082761845703125,0.97082,1.9178415625,0.51556,2581.6061089609993
7900,158.0,0.35,0.0862851953125,0.96954,1.16206984375,0.64132,2614.887879381
8000,160.0,0.35,0.085981328125,0.97026,1.736801875,0.51184,2648.171723978001
8100,162.0,0.35,0.08374044921875,0.97079,1.29753703125,0.63792,2681.464723721001
8200,164.0,0.35,0.081837353515625,0.97111,1.2820471875,0.63276,2714.7275517929993
8300,166.0,0.35,0.087648203125,0.96874,1.84430421875,0.53248,2747.9966609099993
8400,168.0,0.35,0.08012607421875,0.97183,1.839259375,0.53724,2781.3110211109997
8500,170.0,0.35,0.082079404296875,0.97125,1.6887284375,0.59496,2814.605485092001
8600,172.0,0.35,0.081587705078125,0.97175,1.8121640625,0.574,2847.897946526
8700,174.0,0.35,0.079308564453125,0.97208,1.988921875,0.5314,2881.2308066139994
8800,176.0,0.35,0.0772391162109375,0.97278,1.37767796875,0.66896,2914.5480633860006
8900,178.0,0.35,0.07130697265625,0.97511,1.5281128125,0.61908,2947.8805744210003
9000,180.0,0.35,0.07351412109375,0.97427,1.76382390625,0.59408,2981.1901000849994
9100,182.0,0.35,0.069629775390625,0.97566,2.560110625,0.5156,3014.5053204550004
9200,184.0,0.35,0.07515083984375,0.97352,1.6983925,0.61588,3047.843740657001
9300,186.0,0.35,0.07719341796875,0.97283,2.5424946875,0.51204,3081.167753533
9400,188.0,0.35,0.075302578125,0.97363,1.1959878125,0.69144,3114.463532834001
9500,190.0,0.35,0.073716416015625,0.9743,2.493483125,0.5012,3147.7530317639994
9600,192.0,0.35,0.0749640234375,0.97387,1.30016359375,0.68052,3181.0119841569995
9700,194.0,0.35,0.06934740234375,0.9757,1.2974496875,0.7088,3214.246217414
9800,196.0,0.35,0.06856966796875,0.97588,1.40226703125,0.67528,3247.5403762330006
9900,198.0,0.35,0.074230517578125,0.9744,2.03336265625,0.56784,3280.817690789001
10000,200.0,0.35,0.07543642578125,0.97387,1.6392384375,0.6518,3314.079746104
10100,202.0,0.35,0.071495859375,0.97516,1.49859,0.65312,3347.374588822
10200,204.0,0.35,0.074554990234375,0.97374,1.29720953125,0.68532,3380.661817098
10300,206.0,0.35,0.06819884765625,0.97651,1.69751390625,0.62592,3413.9456623629994
10400,208.0,0.35,0.0742738818359375,0.9739,1.782354375,0.62856,3447.2267342159994
10500,210.0,0.35,0.072167021484375,0.97488,2.29960734375,0.5464,3480.535779326001
10600,212.0,0.35,0.0753962451171875,0.97355,1.35946953125,0.69068,3513.7971200989996
10700,214.0,0.35,0.0713549462890625,0.97513,2.87922,0.48968,3547.048956683
10800,216.0,0.35,0.07264103515625,0.97464,1.2121259375,0.69148,3580.296622013
10900,218.0,0.35,0.0696675732421875,0.97581,1.23101796875,0.71364,3613.5448211820003
11000,220.0,0.35,0.0684696728515625,0.9762,1.6076315625,0.67804,3646.804736446
11100,222.0,0.35,0.06776412109375,0.97656,1.67357265625,0.644,3680.0436388
11200,224.0,0.35,0.06396298828125,0.97768,1.33041171875,0.69508,3713.2814482119993
11300,226.0,0.35,0.064747373046875,0.97748,1.5879103125,0.6712,3746.4803083080005
11400,228.0,0.35,0.068595302734375,0.97539,1.752418125,0.67684,3779.688130685001
11500,230.0,0.35,0.067839140625,0.97598,1.29308828125,0.71208,3812.8610852290003
11600,232.0,0.35,0.0689825732421875,0.97609,1.07143125,0.73132,3846.0675779720004
11700,234.0,0.35,0.065341748046875,0.97721,1.1866665625,0.73896,3879.3088200479997
11800,236.0,0.35,0.06737451171875,0.97671,1.20966609375,0.72076,3912.5558952280007
11900,238.0,0.35,0.065228232421875,0.97686,0.91385671875,0.7776,3945.8324884310005
12000,240.0,0.35,0.0674831494140625,0.97609,1.57501375,0.70356,3979.1218516070003
12100,242.0,0.35,0.0684871484375,0.97629,1.4427778125,0.68936,4012.399370243
12200,244.0,0.35,0.06489689453125,0.97768,1.18679515625,0.7358,4045.739064235
12300,246.0,0.35,0.061302919921875,0.97903,1.49275625,0.68204,4079.071598834
12400,248.0,0.35,0.06254998046875,0.97799,1.40704765625,0.70728,4112.3825143720005
12500,250.0,0.35,0.06262025390625,0.978,1.663540625,0.68856,4145.6534727260005
12600,252.0,0.35,0.064787666015625,0.97732,1.688395625,0.676,4178.9328583589995
12700,254.0,0.35,0.0617801806640625,0.97847,1.062127421875,0.76888,4212.2125077420005
12800,256.0,0.35,0.062297607421875,0.97807,1.48678,0.69976,4245.492279334001
12900,258.0,0.35,0.0640798046875,0.97801,1.346798125,0.72208,4278.7670612540005
13000,260.0,0.35,0.06622080078125,0.9772,0.81875875,0.79276,4312.029490074001
13100,262.0,0.35,0.061875966796875,0.97926,1.52958515625,0.67064,4345.263475876
13200,264.0,0.35,0.06663818359375,0.97664,1.02653640625,0.74892,4378.495792326999
13300,266.0,0.35,0.059999677734375,0.97904,1.259650625,0.72312,4411.737748924001
13400,268.0,0.35,0.06000845703125,0.97904,1.4847340625,0.6694,4444.949277521
13500,270.0,0.35,0.064365029296875,0.97765,1.5731259375,0.7096,4478.174043039
13600,272.0,0.35,0.0605566015625,0.97876,1.61765828125,0.68816,4511.357573451
13700,274.0,0.35,0.060593828125,0.9792,2.56219484375,0.59704,4544.564598874
13800,276.0,0.35,0.061114091796875,0.9786,1.7823796875,0.6438,4577.7796531799995
13900,278.0,0.35,0.0659304931640625,0.97735,1.05470421875,0.76228,4610.960690608999
14000,280.0,0.35,0.060342451171875,0.97892,1.7742465625,0.62064,4644.231628560001
14100,282.0,0.35,0.0602851171875,0.9795,0.96123640625,0.77072,4677.65410335
14200,284.0,0.35,0.067915185546875,0.97698,1.3256784375,0.70712,4711.078503834
14300,286.0,0.35,0.06267890625,0.97814,1.31404296875,0.72848,4744.334555034
14400,288.0,0.35,0.064203828125,0.97722,1.21933234375,0.7356,4777.554621044001
14500,290.0,0.35,0.06268857421875,0.97805,1.73962046875,0.6654,4810.710658795
14600,292.0,0.35,0.060579375,0.97938,1.34074546875,0.72232,4843.932805783001
14700,294.0,0.35,0.0609234375,0.97929,1.07388125,0.76088,4877.33250108
14800,296.0,0.35,0.064289228515625,0.97744,1.020726484375,0.779,4910.801503862
14900,298.0,0.35,0.060643955078125,0.97928,0.9126134375,0.7852,4944.148588561
15000,300.0,0.35,0.0537644677734375,0.98182,1.01947078125,0.75784,4977.372358361999
15100,302.0,0.35,0.06098763671875,0.97889,1.138581875,0.7614,5010.640113818001
15200,304.0,0.35,0.05764990234375,0.9804,0.8816725,0.79008,5043.879744304
15300,306.0,0.35,0.0588507958984375,0.97981,1.191894140625,0.74016,5077.115418652
15400,308.0,0.35,0.05841185546875,0.97984,1.25118140625,0.7218,5110.376296832999
15500,310.0,0.35,0.056797158203125,0.98031,1.1757996875,0.7654,5143.603491641999
15600,312.0,0.35,0.0582600927734375,0.98021,1.13677375,0.77096,5176.887649995
15700,314.0,0.35,0.055278154296875,0.98095,1.6896371875,0.66368,5210.2722906399995
15800,316.0,0.35,0.059162998046875,0.97922,1.19224015625,0.74144,5243.726866135999
15900,318.0,0.35,0.056011845703125,0.98088,1.394018125,0.7054,5277.125404503
16000,320.0,0.35,0.057835078125,0.97968,1.1181775,0.77224,5310.412390068001
16100,322.0,0.35,0.057191357421875,0.98031,0.974528828125,0.77892,5343.656858752
16200,324.0,0.35,0.0589466015625,0.97948,1.210003359375,0.74248,5376.831979159
16300,326.0,0.35,0.0497342822265625,0.98272,1.070971875,0.75868,5410.051958411001
16400,328.0,0.35,0.05643837890625,0.9804,0.80652515625,0.79624,5443.415646668
16500,330.0,0.35,0.05056150390625,0.98243,1.443336875,0.68092,5476.863896447001
16600,332.0,0.35,0.0601359619140625,0.97868,0.82010171875,0.79732,5510.257305200999
16700,334.0,0.35,0.060266044921875,0.97917,0.9065484375,0.78216,5543.575714443001
16800,336.0,0.35,0.061423251953125,0.97869,1.302944375,0.7112,5576.8446780310005
16900,338.0,0.35,0.0547279052734375,0.981,2.3630271875,0.59812,5610.013948887001
17000,340.0,0.35,0.0582908935546875,0.97985,1.249000625,0.72952,5643.2303102999995
17100,342.0,0.35,0.053270625,0.98156,1.0261559375,0.77188,5676.5911569889995
17200,344.0,0.35,0.0565025439453125,0.98031,0.91331765625,0.78364,5710.021727855001
17300,346.0,0.35,0.054927138671875,0.98125,1.227533125,0.7248,5743.341829758001
17400,348.0,0.35,0.0499244921875,0.98248,1.29284109375,0.73676,5776.61691164
17500,350.0,0.35,0.0528856396484375,0.98167,0.9562290625,0.7832,5809.845840440001
17600,352.0,0.35,0.059601171875,0.97935,0.872229921875,0.80704,5843.080205743001
17700,354.0,0.35,0.053953896484375,0.98155,1.02893703125,0.78428,5876.305346085001
17800,356.0,0.35,0.0522450830078125,0.98201,0.9525865625,0.76936,5909.5232691090005
17900,358.0,0.35,0.0526484619140625,0.98208,0.936071015625,0.78728,5942.719568068
18000,360.0,0.35,0.0553659716796875,0.98064,1.181019609375,0.74412,5975.951638955999
18100,362.0,0.35,0.055410849609375,0.98096,1.17059125,0.75028,6009.347938319001
18200,364.0,0.35,0.0565836669921875,0.98026,1.952069375,0.66116,6042.7456704
18300,366.0,0.35,0.048548193359375,0.98362,0.924169765625,0.7852,6075.9581812119995
18400,368.0,0.35,0.050407333984375,0.98305,0.82232203125,0.796,6109.104598107
18500,370.0,0.35,0.05839833984375,0.97939,0.834823046875,0.79676,6142.344682053001
18600,372.0,0.35,0.0537789697265625,0.98138,1.179214453125,0.75788,6175.567231789
18700,374.0,0.35,0.049552265625,0.98292,0.8151984375,0.8012,6208.777146049
18800,376.0,0.35,0.0562676513671875,0.98048,1.07449171875,0.77824,6242.1347854529995
18900,378.0,0.35,0.05730009765625,0.98004,0.86287171875,0.80832,6275.5788485699995
19000,380.0,0.35,0.0473329443359375,0.98382,1.7240546875,0.6858,6308.876690862
19100,382.0,0.35,0.0555614453125,0.98084,0.82507859375,0.80892,6342.066483381001
19200,384.0,0.35,0.0515441552734375,0.98218,1.390366875,0.71124,6375.2230601070005
19300,386.0,0.35,0.057007880859375,0.98027,1.38826,0.71488,6408.383146685001
19400,388.0,0.35,0.047037158203125,0.98388,1.0141753125,0.7614,6441.55393704
19500,390.0,0.35,0.052049326171875,0.98205,1.47789125,0.69252,6474.949004850001
19600,392.0,0.35,0.04729421875,0.98337,1.16955765625,0.7494,6508.373434638001
19700,394.0,0.35,0.0539105029296875,0.9815,0.911822734375,0.78748,6541.643394561001
19800,396.0,0.35,0.054935087890625,0.98143,1.6128109375,0.66832,6574.805600895001
19900,398.0,0.35,0.051692666015625,0.98205,1.15276203125,0.76964,6608.012719285
20000,400.0,0.35,0.051369423828125,0.98235,1.28499359375,0.73824,6641.294460714
20100,402.0,0.35,0.051910888671875,0.9816,0.888916875,0.79568,6674.731717709999
20200,404.0,0.35,0.058872216796875,0.98044,1.2106584375,0.75352,6708.203047169
20300,406.0,0.35,0.048361240234375,0.9836,1.085481875,0.7884,6741.642787417
20400,408.0,0.35,0.057063984375,0.98017,1.37019875,0.73948,6774.9780083040005
20500,410.0,0.35,0.054770869140625,0.98105,2.3663534375,0.6458,6808.261974003
20600,412.0,0.35,0.05754705078125,0.98063,0.87235234375,0.81324,6841.4705302229995
20700,414.0,0.35,0.045560439453125,0.98437,0.74220890625,0.82748,6874.648684240001
20800,416.0,0.35,0.052019150390625,0.98224,1.2929740625,0.73876,6907.979876136
20900,418.0,0.35,0.05696779296875,0.98017,1.1760940625,0.76,6941.429593432
21000,420.0,0.35,0.04736015625,0.98393,1.351225625,0.72688,6974.886506784
21100,422.0,0.35,0.049991669921875,0.9823,1.1151490625,0.75172,7008.197769478
21200,424.0,0.35,0.0514835888671875,0.98202,0.814515546875,0.81012,7041.4157964589995
21300,426.0,0.35,0.04925216796875,0.9827,1.195828046875,0.74692,7074.640084605
21400,428.0,0.35,0.0466219140625,0.98393,0.88397453125,0.80332,7107.959554531
21500,430.0,0.35,0.0407499853515625,0.98616,0.839670625,0.7974,7141.379409388001
21600,432.0,0.35,0.051925947265625,0.98167,0.7904103125,0.81748,7174.814640598001
21700,434.0,0.35,0.049100048828125,0.98295,0.896290390625,0.79832,7208.146104956
21800,436.0,0.35,0.045938935546875,0.98436,0.81948078125,0.79456,7241.328954101
21900,438.0,0.35,0.050564423828125,0.98231,0.9192625,0.80356,7274.502377142
22000,440.0,0.35,0.04496005859375,0.98441,1.063265078125,0.78312,7307.883649789001
22100,442.0,0.35,0.05168244140625,0.98186,0.8491353125,0.81668,7341.345375438999
22200,444.0,0.35,0.046749033203125,0.98376,1.790725625,0.71512,7374.800762318
22300,446.0,0.35,0.04997697265625,0.98255,0.8700828125,0.79516,7408.051029079999
22400,448.0,0.35,0.0461180517578125,0.98388,1.21806515625,0.71848,7441.290604129001
22500,450.0,0.35,0.049307392578125,0.98318,0.829458203125,0.80236,7474.468742018
22600,452.0,0.35,0.047132265625,0.98414,1.3346078125,0.75044,7507.672658498001
22700,454.0,0.35,0.0500513916015625,0.98319,1.49158875,0.71384,7540.977683289
22800,456.0,0.35,0.049563408203125,0.98278,0.925898125,0.79708,7574.392914075001
22900,458.0,0.35,0.0516458544921875,0.98206,0.95665328125,0.787,7607.796188654
23000,460.0,0.35,0.04987998046875,0.9824,0.945978125,0.79084,7641.2392108389995
23100,462.0,0.35,0.049984755859375,0.98276,1.4283934375,0.73044,7674.54879624
23200,464.0,0.35,0.046987666015625,0.98366,1.581494375,0.70508,7707.769785699
23300,466.0,0.35,0.04777501953125,0.98348,0.9020809375,0.79512,7741.123635276999
23400,468.0,0.35,0.04916103515625,0.98336,0.95102625,0.7932,7774.546374042
23500,470.0,0.35,0.04509408203125,0.98446,0.96459078125,0.78432,7807.97740749
23600,472.0,0.35,0.049630498046875,0.98295,1.28448984375,0.72864,7841.426254266
23700,474.0,0.35,0.048450087890625,0.98328,1.723919375,0.64516,7874.742899708001
23800,476.0,0.35,0.048170322265625,0.98341,1.407005,0.69672,7907.893675452
23900,478.0,0.35,0.048117802734375,0.98334,2.0833090625,0.62316,7941.179825433001
24000,480.0,0.35,0.0427569921875,0.98532,1.486873125,0.69676,7974.511688219
24100,482.0,0.35,0.050635126953125,0.98212,1.11396171875,0.7526,8007.8893722739995
24200,484.0,0.35,0.04399408203125,0.98515,0.8010934375,0.81164,8041.286018828001
24300,486.0,0.35,0.0493144384765625,0.983,1.5518603125,0.69636,8074.735308059
24400,488.0,0.35,0.0418043896484375,0.98568,1.343386875,0.71792,8108.169628135
24500,490.0,0.35,0.046775498046875,0.98408,0.86945921875,0.80792,8141.51692573
24600,492.0,0.35,0.0499608203125,0.98291,1.292380234375,0.7434,8174.778824296
24700,494.0,0.35,0.0438456494140625,0.98492,0.886018046875,0.80432,8207.959741862
24800,496.0,0.35,0.042983603515625,0.98489,1.1830415625,0.73836,8241.128830564001
24900,498.0,0.35,0.0450004443359375,0.98453,1.4374903125,0.72232,8274.274863957
25000,500.0,0.35,0.047810537109375,0.98356,1.15267328125,0.76196,8307.465859007
25100,502.0,0.35,0.049387275390625,0.98327,0.96594609375,0.78208,8340.782424719
25200,504.0,0.35,0.04493248046875,0.98439,1.1094878125,0.76252,8374.110531272001
25300,506.0,0.35,0.046086015625,0.9843,0.9153734375,0.80344,8407.533339538
25400,508.0,0.35,0.0466783447265625,0.98394,1.2737884375,0.7372,8440.935723892
25500,510.0,0.35,0.050980595703125,0.98199,1.2444378125,0.74884,8474.264516336
25600,512.0,0.35,0.047392685546875,0.98385,1.17283921875,0.782,8507.477738399
25700,514.0,0.35,0.0473235595703125,0.98336,1.13230734375,0.7784,8540.632777218
25800,516.0,0.35,0.0462925732421875,0.98407,0.851925625,0.82268,8573.856513694
25900,518.0,0.35,0.0457531103515625,0.98415,1.23528765625,0.756,8607.127291246
26000,520.0,0.35,0.042323203125,0.9852,0.834326484375,0.81308,8640.479705341
26100,522.0,0.35,0.0434751171875,0.98505,0.76289421875,0.81292,8673.887630633
26200,524.0,0.35,0.046802021484375,0.98371,1.04564109375,0.78392,8707.292030333
26300,526.0,0.35,0.047602060546875,0.98375,1.3723771875,0.72668,8740.698896629001
26400,528.0,0.35,0.0494470947265625,0.9829,1.0207453125,0.77292,8774.048606299
26500,530.0,0.35,0.04058225341796875,0.98612,0.9163203125,0.79308,8807.2366287
26600,532.0,0.35,0.044357958984375,0.98489,0.95089109375,0.79,8840.414671775
26700,534.0,0.35,0.0457080078125,0.98466,0.923202265625,0.7914,8873.733614478
26800,536.0,0.35,0.03839385986328125,0.98707,0.9584209375,0.7844,8907.127029156
26900,538.0,0.35,0.0463540771484375,0.98421,0.825725,0.82352,8940.555622192
27000,540.0,0.35,0.046142197265625,0.98389,1.19303671875,0.738,8973.975744417
27100,542.0,0.35,0.042368134765625,0.98543,0.699825,0.82604,9007.394049444
27200,544.0,0.35,0.040467900390625,0.98616,0.8102775,0.81144,9040.726141589
27300,546.0,0.35,0.0430995751953125,0.98513,1.52927859375,0.72048,9073.935721336
27400,548.0,0.35,0.045765986328125,0.98411,0.6962725,0.83408,9107.235223259
27500,550.0,0.35,0.0403715478515625,0.98675,0.650496328125,0.84196,9140.557734693
27600,552.0,0.35,0.047070869140625,0.98333,1.464381875,0.73704,9173.906223578
27700,554.0,0.35,0.044955048828125,0.9847,1.3672128125,0.7446,9207.268193868
27800,556.0,0.35,0.045359267578125,0.98422,1.226860625,0.73924,9240.648678534
27900,558.0,0.35,0.047275556640625,0.98407,1.6563003125,0.71244,9273.995828929
28000,560.0,0.35,0.03691351806640625,0.98775,1.0559296875,0.7768,9307.338672716
28100,562.0,0.35,0.043668349609375,0.98531,0.93311609375,0.77368,9340.699930206
28200,564.0,0.35,0.0465133837890625,0.98403,1.11308765625,0.75688,9374.06928721
28300,566.0,0.35,0.04727951171875,0.98359,1.86311046875,0.66516,9407.47759461
28400,568.0,0.35,0.04054984375,0.98616,0.96164828125,0.78112,9440.869056079002
28500,570.0,0.35,0.0419844921875,0.9856,0.825137890625,0.80148,9474.288157227998
28600,572.0,0.35,0.044150078125,0.98496,0.89148171875,0.80084,9507.703574444
28700,574.0,0.35,0.045070498046875,0.98416,0.84973359375,0.79128,9541.136013404
28800,576.0,0.35,0.049874375,0.98281,1.10826953125,0.76084,9574.526358002
28900,578.0,0.35,0.044646796875,0.98498,0.814031171875,0.80604,9607.920478041
29000,580.0,0.35,0.038492822265625,0.98647,1.1471915625,0.7656,9641.310739595
29100,582.0,0.35,0.0436668603515625,0.98483,0.936625859375,0.78392,9674.715827918
29200,584.0,0.35,0.0435746484375,0.98511,1.00884953125,0.78336,9708.106656558
29300,586.0,0.35,0.04163994140625,0.98521,0.8870978125,0.79268,9741.507310535999
29400,588.0,0.35,0.042946103515625,0.98569,1.155660234375,0.76296,9774.950587868
29500,590.0,0.35,0.044010908203125,0.98522,1.45837859375,0.72012,9808.388648371001
29600,592.0,0.35,0.0361380126953125,0.98804,1.276079140625,0.75576,9841.809496999002
29700,594.0,0.35,0.03795042236328125,0.98687,0.89083078125,0.80488,9875.235079992999
29800,596.0,0.35,0.043591884765625,0.98501,0.884545,0.80388,9908.624632481999
29900,598.0,0.35,0.0445278125,0.98477,0.90625828125,0.7972,9942.044764578
30000,600.0,0.35,0.046221376953125,0.98406,0.9832140625,0.7894,9975.451375880999
30100,602.0,0.35,0.04293162109375,0.98516,0.839416875,0.82092,10008.878743305999
30200,604.0,0.35,0.04447474609375,0.98474,0.947005078125,0.8016,10042.266952875001
30300,606.0,0.35,0.0380344140625,0.9871,0.899260703125,0.8132,10075.683684775999
30400,608.0,0.35,0.044479638671875,0.98475,1.088045703125,0.77688,10109.066825548001
30500,610.0,0.35,0.0431073193359375,0.98502,1.0812015625,0.78508,10142.461152043
30600,612.0,0.35,0.03851218017578125,0.9869,0.89498921875,0.81112,10175.841971086
30700,614.0,0.35,0.039388740234375,0.98649,1.4214565625,0.73764,10209.219003547001
30800,616.0,0.35,0.0384223583984375,0.98676,0.75833578125,0.82776,10242.601687384002
30900,618.0,0.35,0.04094914794921875,0.98578,0.9092459375,0.78604,10275.978142646
31000,620.0,0.35,0.047212509765625,0.98389,1.15389296875,0.75612,10309.355301322
31100,622.0,0.35,0.040935078125,0.98606,1.08515203125,0.77948,10342.745904964999
31200,624.0,0.35,0.03951769775390625,0.98629,1.051474453125,0.78532,10376.109785704
31300,626.0,0.35,0.04453490234375,0.98488,1.15095390625,0.76544,10409.508542043
31400,628.0,0.35,0.0443192236328125,0.98475,1.04661046875,0.77632,10442.928171445
31500,630.0,0.35,0.0374244580078125,0.98714,0.9464796875,0.80192,10476.380460134002
31600,632.0,0.35,0.043175009765625,0.98507,0.80216078125,0.80404,10509.796486891999
31700,634.0,0.35,0.043272294921875,0.98517,1.22769796875,0.74976,10543.136569774
31800,636.0,0.35,0.0493111328125,0.98257,0.74789984375,0.827,10576.333323561
31900,638.0,0.35,0.037224951171875,0.98727,0.7238140625,0.82948,10609.616472685
32000,640.0,0.35,0.0387546826171875,0.98713,1.136301015625,0.75652,10643.053069622001
32100,642.0,0.35,0.042176904296875,0.98583,1.354830625,0.76072,10676.534260694
32200,644.0,0.35,0.04330490234375,0.98508,1.56958515625,0.696,10709.994574601998
32300,646.0,0.35,0.04237939453125,0.98532,0.735084296875,0.836,10743.428628037
32400,648.0,0.35,0.0442505078125,0.98464,0.849489140625,0.81772,10776.874117929001
32500,650.0,0.35,0.0425836572265625,0.98519,0.92438078125,0.79884,10810.26508882
32600,652.0,0.35,0.0368235986328125,0.98772,1.35000453125,0.73976,10843.651589349
32700,654.0,0.35,0.03536701904296875,0.98834,0.9317159375,0.80164,10877.078985240001
32800,656.0,0.35,0.0432408984375,0.98529,0.88999890625,0.81272,10910.477584489
32900,658.0,0.35,0.04222337890625,0.98527,0.85397421875,0.80664,10943.87344942
33000,660.0,0.35,0.042634296875,0.98552,1.239188984375,0.7688,10977.247844688001
33100,662.0,0.35,0.0402873876953125,0.98611,1.48689859375,0.74392,11010.648631561999
33200,664.0,0.35,0.0447654736328125,0.98436,0.99268890625,0.78004,11044.086085793999
33300,666.0,0.35,0.041363408203125,0.98612,0.85583875,0.80032,11077.478356439002
33400,668.0,0.35,0.039830927734375,0.98617,0.7845175,0.8372,11110.857546866999
33500,670.0,0.35,0.0414828515625,0.98574,1.03800296875,0.77972,11144.267298429
33600,672.0,0.35,0.04455435546875,0.9845,1.638545,0.69096,11177.639083488
33700,674.0,0.35,0.045970302734375,0.98433,0.9198046875,0.80572,11211.020587784002
33800,676.0,0.35,0.0450746435546875,0.98455,1.05213765625,0.78776,11244.411836672
33900,678.0,0.35,0.04077908935546875,0.98595,0.899112109375,0.8078,11277.688966087
34000,680.0,0.35,0.03664368408203125,0.98739,0.6773346875,0.83796,11310.942853252
34100,682.0,0.35,0.0380114013671875,0.98702,0.99881328125,0.79048,11344.210888770001
34200,684.0,0.35,0.0419884814453125,0.98553,1.390964375,0.74564,11377.522606555001
34300,686.0,0.35,0.03708927734375,0.9874,0.9718503125,0.79232,11410.881670670999
34400,688.0,0.35,0.040276494140625,0.98631,1.10184859375,0.77248,11444.25564721
34500,690.0,0.35,0.0353434521484375,0.98805,0.90150875,0.80108,11477.605987413
34600,692.0,0.35,0.043679189453125,0.98494,0.8384234375,0.8058,11510.96522781
34700,694.0,0.35,0.041272275390625,0.98568,1.066616875,0.78156,11544.284512016999
34800,696.0,0.35,0.038864443359375,0.9866,1.1474925,0.76548,11577.571726405
34900,698.0,0.35,0.04572248046875,0.98422,0.96685046875,0.7792,11610.904764036
35000,700.0,0.35,0.041073779296875,0.98574,1.31071109375,0.73356,11644.239885258
35100,702.0,0.35,0.043010830078125,0.985,1.112197734375,0.78708,11677.579869858
35200,704.0,0.35,0.044400244140625,0.98467,1.04374046875,0.79228,11710.903735933
35300,706.0,0.35,0.0401858740234375,0.98658,0.96884625,0.81812,11744.191384311001
35400,708.0,0.35,0.042344814453125,0.98553,0.89311984375,0.80484,11777.470365025001
35500,710.0,0.35,0.03228810791015625,0.98924,0.844108046875,0.81748,11810.796289691
35600,712.0,0.35,0.035376298828125,0.9882,0.821886875,0.8126,11844.089632186002
35700,714.0,0.35,0.03361650146484375,0.98863,1.7184203125,0.71,11877.390468422
35800,716.0,0.35,0.038351689453125,0.98685,0.75294484375,0.82404,11910.659012474
35900,718.0,0.35,0.039621181640625,0.98673,0.989308046875,0.75936,11943.911741213
36000,720.0,0.35,0.0348075439453125,0.98793,1.4080934375,0.72432,11977.220785253001
36100,722.0,0.35,0.045749052734375,0.98373,0.77365328125,0.8132,12010.541775717
36200,724.0,0.35,0.0431404248046875,0.98548,0.87082421875,0.8062,12043.892854962
36300,726.0,0.35,0.0376387158203125,0.98713,1.0553553125,0.76772,12077.275627874998
36400,728.0,0.35,0.0383018359375,0.9868,0.9296940625,0.80872,12110.645195673998
36500,730.0,0.35,0.0409980859375,0.98602,1.09999578125,0.78452,12144.000031792999
36600,732.0,0.35,0.045529814453125,0.98476,1.15798171875,0.76604,12177.370896960001
36700,734.0,0.35,0.0376154296875,0.98735,0.8330590625,0.81524,12210.711850143001
36800,736.0,0.35,0.03775787353515625,0.98701,0.98995921875,0.79432,12244.060731001002
36900,738.0,0.35,0.0324719189453125,0.989,0.6349033984375,0.85152,12277.384147134999
37000,740.0,0.35,0.039929931640625,0.98572,0.8718734375,0.806,12310.731401615001
37100,742.0,0.35,0.0464939990234375,0.98404,0.88790109375,0.79868,12344.074145734001
37200,744.0,0.35,0.0388451611328125,0.98687,0.8882778125,0.80884,12377.422031909002
37300,746.0,0.35,0.03228716064453125,0.98891,1.06221625,0.8036,12410.710391657001
37400,748.0,0.35,0.03914443603515625,0.98661,1.063694375,0.78788,12444.006555397002
37500,750.0,0.35,0.043959521484375,0.98481,1.203917109375,0.74284,12477.317477915
37600,752.0,0.35,0.040980498046875,0.98617,1.14906984375,0.77992,12510.598960714
37700,754.0,0.35,0.0450409619140625,0.98442,1.2327378125,0.74336,12543.938178274002
37800,756.0,0.35,0.0431858544921875,0.9852,0.6020962890625,0.8614,12577.254032284
37900,758.0,0.35,0.042938896484375,0.98476,1.9534375,0.6564,12610.567559902
38000,760.0,0.35,0.037819873046875,0.98715,0.89360765625,0.81336,12643.884269978
38100,762.0,0.35,0.034970458984375,0.9881,1.4589653125,0.72024,12677.197755038
38200,764.0,0.35,0.0364471923828125,0.98766,0.928361640625,0.80092,12710.437110583
38300,766.0,0.35,0.0380530810546875,0.98679,1.62895734375,0.6868,12743.646989885001
38400,768.0,0.35,0.03896288818359375,0.98653,1.300275234375,0.74236,12776.853579040999
38500,770.0,0.35,0.03951494140625,0.98647,1.19593890625,0.75588,12810.076115349999
38600,772.0,0.35,0.03477248291015625,0.98838,0.700305703125,0.82788,12843.293527192
38700,774.0,0.35,0.0317969384765625,0.98901,0.941954453125,0.79316,12876.522184423
38800,776.0,0.35,0.0417487890625,0.98548,0.670918125,0.84064,12909.799845457
38900,778.0,0.35,0.038795693359375,0.98671,0.7729321875,0.82964,12943.09865737
39000,780.0,0.35,0.0347802490234375,0.98805,0.84328328125,0.81768,12976.462346254
39100,782.0,0.35,0.0380494970703125,0.98728,0.85418625,0.8068,13009.849727598
39200,784.0,0.35,0.0359543115234375,0.98792,1.16040359375,0.7626,13043.196688582
39300,786.0,0.35,0.0360072314453125,0.98762,0.7644496875,0.81756,13076.551103950002
39400,788.0,0.35,0.0443678515625,0.98492,0.7370303125,0.82508,13109.896217167
39500,790.0,0.35,0.0389815283203125,0.98677,1.04825734375,0.78272,13143.303720307998
39600,792.0,0.35,0.0330974462890625,0.98844,1.0228390625,0.784,13176.709020646998
39700,794.0,0.35,0.0401977099609375,0.986,0.89616578125,0.79248,13210.109274073002
39800,796.0,0.35,0.046623134765625,0.98406,1.057496171875,0.78604,13243.516768148998
39900,798.0,0.35,0.0351099951171875,0.98789,1.29346328125,0.74568,13276.907609251
40000,800.0,0.35,0.03556567626953125,0.98821,0.75554578125,0.81976,13310.257757156
40100,802.0,0.35,0.041255478515625,0.98555,0.984820625,0.78592,13343.629220673
40200,804.0,0.35,0.042462568359375,0.98537,0.99064828125,0.78772,13377.014192588998
40300,806.0,0.35,0.037017392578125,0.98751,0.747938984375,0.82476,13410.366650273001
40400,808.0,0.35,0.0400806396484375,0.98622,0.8680596875,0.8182,13443.702756261999
40500,810.0,0.35,0.036410078125,0.98758,1.143900625,0.7694,13477.030943056001
40600,812.0,0.35,0.0376301171875,0.98681,1.169772734375,0.76028,13510.378800270999
40700,814.0,0.35,0.0349917236328125,0.9883,0.59680328125,0.84372,13543.748753647
40800,816.0,0.35,0.03662287109375,0.98764,0.629609375,0.84692,13577.118436243
40900,818.0,0.35,0.0428376513671875,0.98548,0.94112546875,0.7886,13610.483860954999
41000,820.0,0.35,0.043095205078125,0.9853,0.969564375,0.79424,13643.858454132001
41100,822.0,0.35,0.03581434326171875,0.98787,0.793755,0.82808,13677.235782077001
41200,824.0,0.35,0.02747273681640625,0.99093,1.1900771875,0.75396,13710.625966911
41300,826.0,0.35,0.03856715087890625,0.98691,0.713914140625,0.8224,13744.023329144002
41400,828.0,0.35,0.03999675048828125,0.98662,0.690502734375,0.84128,13777.373361271999
41500,830.0,0.35,0.03729234130859375,0.98727,1.16517609375,0.78456,13810.781803091999
41600,832.0,0.35,0.033702587890625,0.98857,0.74564390625,0.82664,13844.180551165002
41700,834.0,0.35,0.03693662109375,0.98752,0.803629609375,0.81224,13877.557319273
41800,836.0,0.35,0.040878515625,0.98649,0.79653640625,0.80696,13910.940221846002
41900,838.0,0.35,0.03672062255859375,0.98774,0.981432890625,0.79024,13944.353321563001
42000,840.0,0.35,0.0347719775390625,0.98837,1.1123171875,0.79304,13977.742707558999
42100,842.0,0.35,0.041094873046875,0.98591,1.14478265625,0.76276,14011.168018194
42200,844.0,0.35,0.0370332373046875,0.98716,1.3171553125,0.75876,14044.553149199
42300,846.0,0.35,0.0355225341796875,0.98761,1.001323671875,0.78008,14077.927550413999
42400,848.0,0.35,0.0386325048828125,0.98663,1.6312665625,0.71624,14111.273909294
42500,850.0,0.35,0.041472255859375,0.98584,1.3280128125,0.76064,14144.647653383
42600,852.0,0.35,0.03723690185546875,0.98722,1.235385546875,0.7652,14178.003665773002
42700,854.0,0.35,0.0346140869140625,0.9881,0.944308046875,0.8026,14211.401320054
42800,856.0,0.35,0.03548380859375,0.98796,0.91509796875,0.7774,14244.760880134
42900,858.0,0.35,0.03698650390625,0.98707,0.659793359375,0.83412,14278.123105285998
43000,860.0,0.35,0.0396519189453125,0.98651,0.75367234375,0.81896,14311.487173627
43100,862.0,0.35,0.0366757275390625,0.98768,0.727576484375,0.8158,14344.838014563
43200,864.0,0.35,0.02981964599609375,0.98992,1.12317078125,0.77028,14378.169733912
43300,866.0,0.35,0.03325659423828125,0.98831,0.76646625,0.83176,14411.516042975
43400,868.0,0.35,0.03806513671875,0.98718,0.82926765625,0.8214,14444.844083028001
43500,870.0,0.35,0.03370125,0.98869,0.871298203125,0.79864,14478.188381504999
43600,872.0,0.35,0.0379332666015625,0.98743,1.05880453125,0.75668,14511.518906950001
43700,874.0,0.35,0.039496298828125,0.9866,1.68373546875,0.72212,14544.824861031
43800,876.0,0.35,0.0450241796875,0.98429,1.08574265625,0.78692,14578.144877373
43900,878.0,0.35,0.03949388671875,0.98664,1.04439828125,0.7904,14611.465467249
44000,880.0,0.35,0.03244178955078125,0.98936,0.7038078125,0.82932,14644.794169469002
44100,882.0,0.35,0.035921181640625,0.98801,1.116378125,0.78444,14678.094806206002
44200,884.0,0.35,0.033843994140625,0.98866,0.961400703125,0.78032,14711.415974913001
44300,886.0,0.35,0.0322481298828125,0.98911,0.588111484375,0.85488,14744.731461191
44400,888.0,0.35,0.039398720703125,0.98666,0.69650703125,0.82576,14778.109130605
44500,890.0,0.35,0.03373064453125,0.9885,0.86199796875,0.81484,14811.486750509
44600,892.0,0.35,0.0354699462890625,0.98804,1.2003003125,0.75024,14844.883627529001
44700,894.0,0.35,0.03814127197265625,0.98698,0.6620709375,0.82928,14878.265883831002
44800,896.0,0.35,0.03149509765625,0.98939,0.7491028125,0.83084,14911.683513422002
44900,898.0,0.35,0.0332993408203125,0.98863,0.9700178125,0.78096,14945.092500596002
45000,900.0,0.35,0.0365328857421875,0.98779,0.6450440234375,0.84092,14978.511086681
45100,902.0,0.35,0.040436904296875,0.98661,1.2116375,0.74548,15011.914759669002
45200,904.0,0.35,0.0376484375,0.98722,0.6737659375,0.83104,15045.290296894
45300,906.0,0.35,0.03091725830078125,0.98963,1.3555471875,0.75072,15078.667008388999
45400,908.0,0.35,0.03766728759765625,0.98711,0.80202640625,0.8198,15112.03565139
45500,910.0,0.35,0.0417365283203125,0.98568,1.4166415625,0.73452,15145.372013483
45600,912.0,0.35,0.03993496337890625,0.98621,1.0749615625,0.77876,15178.673069257999
45700,914.0,0.35,0.0323523095703125,0.989,0.714608125,0.8444,15211.977193326002
45800,916.0,0.35,0.03466620849609375,0.9882,0.81991609375,0.82552,15245.296903192
45900,918.0,0.35,0.0375661962890625,0.98731,1.47539828125,0.73796,15278.630379884002
46000,920.0,0.35,0.03974099609375,0.98613,0.839274375,0.81608,15311.941030433001
46100,922.0,0.35,0.0321608056640625,0.98964,0.72199546875,0.82884,15345.285901186002
46200,924.0,0.35,0.03817664306640625,0.98667,0.98288921875,0.80224,15378.651148703
46300,926.0,0.35,0.036932392578125,0.98766,1.05464796875,0.76372,15412.009102732001
46400,928.0,0.35,0.0353199365234375,0.98793,0.76584203125,0.83344,15445.379014004
46500,930.0,0.35,0.03569847412109375,0.98773,0.939654375,0.799,15478.717187518
46600,932.0,0.35,0.03337001953125,0.9892,0.75438140625,0.83156,15512.034553697998
46700,934.0,0.35,0.0370269580078125,0.98696,0.68604921875,0.83552,15545.329532213
46800,936.0,0.35,0.036271748046875,0.98805,0.776175625,0.81804,15578.596536574001
46900,938.0,0.35,0.033643271484375,0.98883,0.84542296875,0.81192,15611.898102063002
47000,940.0,0.35,0.0380449951171875,0.98663,0.946735,0.8012,15645.210694991001
47100,942.0,0.35,0.038553154296875,0.9865,1.033582890625,0.79456,15678.545933579
47200,944.0,0.35,0.0378089208984375,0.98716,1.03472671875,0.79312,15711.899886210998
47300,946.0,0.35,0.0332513134765625,0.98875,0.687636171875,0.8312,15745.253554379
47400,948.0,0.35,0.03522979736328125,0.9881,0.71438140625,0.84056,15778.632886815001
47500,950.0,0.35,0.028575009765625,0.99013,1.53416109375,0.71572,15812.055704621001
47600,952.0,0.35,0.0343564892578125,0.98841,0.94577515625,0.79464,15845.453747411
47700,954.0,0.35,0.0419277099609375,0.98572,1.03328609375,0.76512,15878.883590379999
47800,956.0,0.35,0.0359264697265625,0.98763,1.20273453125,0.75668,15912.278954318
47900,958.0,0.35,0.0360887451171875,0.98767,1.15621875,0.75016,15945.676792715
48000,960.0,0.35,0.03823466796875,0.98672,1.04251375,0.78716,15979.071400821998
48100,962.0,0.35,0.0313519775390625,0.98946,0.87925921875,0.8068,16012.476807063002
48200,964.0,0.35,0.0334291748046875,0.98873,1.161854609375,0.74964,16045.895792511
48300,966.0,0.35,0.03374936279296875,0.98824,0.853619296875,0.81216,16079.288635809
48400,968.0,0.35,0.03509218505859375,0.98772,0.852678125,0.80096,16112.718921165
48500,970.0,0.35,0.03547922607421875,0.98825,1.15291734375,0.77376,16146.142896458
48600,972.0,0.35,0.032298701171875,0.98914,0.93068,0.80432,16179.537483819
48700,974.0,0.35,0.03768621826171875,0.98727,0.9035409375,0.78732,16212.808610539
48800,976.0,0.35,0.0366741650390625,0.98748,0.758491328125,0.82992,16246.084045079002
48900,978.0,0.35,0.041177333984375,0.98603,0.9294621875,0.78232,16279.368795739
49000,980.0,0.35,0.0326526416015625,0.98902,0.6768325,0.84352,16312.674202234
49100,982.0,0.35,0.03039278076171875,0.99002,0.7126621875,0.82216,16346.028919380999
49200,984.0,0.35,0.03539546875,0.98741,1.000708671875,0.77612,16379.351164646
49300,986.0,0.35,0.030750478515625,0.9895,1.12931703125,0.77008,16412.689590821
49400,988.0,0.35,0.0362656591796875,0.98761,0.61481578125,0.82744,16446.01446516
49500,990.0,0.35,0.0391634423828125,0.98691,0.8271328125,0.807,16479.332501226
49600,992.0,0.35,0.031077900390625,0.98937,0.98185375,0.77268,16512.63400363
49700,994.0,0.35,0.0384983154296875,0.98661,1.05337640625,0.78192,16545.901185814
49800,996.0,0.35,0.03273400146484375,0.98911,0.69885796875,0.83288,16579.191753888
49900,998.0,0.35,0.03224279052734375,0.98921,0.906984765625,0.7972,16612.415245493
50000,1000.0,0.35,0.03052381591796875,0.98951,0.6524671875,0.838,16645.622235286
50100,1002.0,0.034999999999999996,0.0259097021484375,0.99166,0.528219140625,0.87028,16678.867462009
50200,1004.0,0.034999999999999996,0.00304033447265625,0.99957,0.4701287890625,0.886,16712.135406176
50300,1006.0,0.034999999999999996,0.0016300808715820313,0.99992,0.44325109375,0.88744,16745.403608729
50400,1008.0,0.034999999999999996,0.0011815274810791016,0.99998,0.4360831640625,0.88988,16778.671479197
50500,1010.0,0.034999999999999996,0.0009504611206054687,1.0,0.43276375,0.88952,16811.996183776
50600,1012.0,0.034999999999999996,0.0008206504058837891,1.0,0.4317825,0.89088,16845.3032085
50700,1014.0,0.034999999999999996,0.0007423261260986328,1.0,0.4308516796875,0.88996,16878.585159792
50800,1016.0,0.034999999999999996,0.0006686032104492187,1.0,0.4312521875,0.89028,16911.845163943
50900,1018.0,0.034999999999999996,0.0006316539764404297,1.0,0.4338851171875,0.88908,16945.08013218
51000,1020.0,0.034999999999999996,0.0005846744918823242,1.0,0.43527625,0.8898,16978.301041473
51100,1022.0,0.034999999999999996,0.0005538386917114257,1.0,0.436949375,0.88876,17011.526399095
51200,1024.0,0.034999999999999996,0.0005266765975952149,1.0,0.43867828125,0.88908,17044.778908859
51300,1026.0,0.034999999999999996,0.0004985137939453125,1.0,0.4401726171875,0.8888,17078.098928104002
51400,1028.0,0.034999999999999996,0.0004854467010498047,1.0,0.4432500390625,0.88804,17111.419810769
51500,1030.0,0.034999999999999996,0.00046621917724609375,1.0,0.443546796875,0.88728,17144.774408960002
51600,1032.0,0.034999999999999996,0.00045947643280029295,1.0,0.44715265625,0.8866,17178.142744661
51700,1034.0,0.034999999999999996,0.00044383514404296875,1.0,0.4466259375,0.88548,17211.479868996
51800,1036.0,0.034999999999999996,0.00043860794067382815,1.0,0.4496228125,0.88572,17244.785623808
51900,1038.0,0.034999999999999996,0.00042208831787109375,1.0,0.448559453125,0.8846,17278.059219746
52000,1040.0,0.034999999999999996,0.00041666000366210936,1.0,0.45225328125,0.88476,17311.320617548
52100,1042.0,0.034999999999999996,0.00041123931884765627,1.0,0.4502609375,0.88476,17344.632806892
52200,1044.0,0.034999999999999996,0.0004024033355712891,1.0,0.4544534375,0.88436,17377.972073418
52300,1046.0,0.034999999999999996,0.00039746131896972655,1.0,0.452658671875,0.8846,17411.252921663
52400,1048.0,0.034999999999999996,0.0003894667816162109,1.0,0.4558705078125,0.88368,17444.547096381
52500,1050.0,0.034999999999999996,0.0003843389129638672,1.0,0.45432671875,0.88408,17477.856979774002
52600,1052.0,0.034999999999999996,0.0003808539581298828,1.0,0.45677328125,0.88292,17511.176756979
52700,1054.0,0.034999999999999996,0.00038008655548095704,1.0,0.454741640625,0.8834,17544.473261664
52800,1056.0,0.034999999999999996,0.00037326168060302734,1.0,0.458847421875,0.88264,17577.824475774
52900,1058.0,0.034999999999999996,0.0003698651123046875,1.0,0.4554146875,0.8834,17611.166110656
53000,1060.0,0.034999999999999996,0.0003671070098876953,1.0,0.459551640625,0.88264,17644.514081163
53100,1062.0,0.034999999999999996,0.00036410118103027343,1.0,0.456533125,0.88236,17677.830125828
53200,1064.0,0.034999999999999996,0.0003617634582519531,1.0,0.4599488671875,0.88196,17711.140900037
53300,1066.0,0.034999999999999996,0.0003600617218017578,1.0,0.456413671875,0.88284,17744.450813398
53400,1068.0,0.034999999999999996,0.0003575804138183594,1.0,0.45966359375,0.88216,17777.728257681
53500,1070.0,0.034999999999999996,0.00035803096771240236,1.0,0.456089765625,0.88288,17810.997862904
53600,1072.0,0.034999999999999996,0.0003601523208618164,1.0,0.4589220703125,0.88192,17844.317576118
53700,1074.0,0.034999999999999996,0.00035298065185546877,1.0,0.4559389453125,0.88292,17877.612532699
53800,1076.0,0.034999999999999996,0.00035411827087402346,1.0,0.4585610546875,0.88188,17910.930877308
53900,1078.0,0.034999999999999996,0.0003553385162353516,1.0,0.4546890625,0.88288,17944.226963009
54000,1080.0,0.034999999999999996,0.0003542021942138672,1.0,0.4577623828125,0.88132,17977.467724872
54100,1082.0,0.034999999999999996,0.0003503418731689453,1.0,0.45494125,0.88172,18010.680109041
54200,1084.0,0.034999999999999996,0.0003537792205810547,1.0,0.459675078125,0.88068,18043.90482552
54300,1086.0,0.034999999999999996,0.0003462705993652344,1.0,0.455400859375,0.88112,18077.239024508
54400,1088.0,0.034999999999999996,0.0003551605224609375,1.0,0.4579484375,0.88076,18110.593147823
54500,1090.0,0.034999999999999996,0.00034913116455078123,1.0,0.454268828125,0.88128,18143.942003858
54600,1092.0,0.034999999999999996,0.00035239944458007814,1.0,0.457536640625,0.8798,18177.282635879
54700,1094.0,0.034999999999999996,0.0003530613708496094,1.0,0.454243984375,0.88092,18210.627415984
54800,1096.0,0.034999999999999996,0.00035340629577636717,1.0,0.4574458984375,0.88048,18244.006514194
54900,1098.0,0.034999999999999996,0.00034890037536621096,1.0,0.4530578515625,0.88212,18277.417400753002
55000,1100.0,0.034999999999999996,0.00034907691955566407,1.0,0.45535875,0.88104,18310.8079095
55100,1102.0,0.034999999999999996,0.0003489398956298828,1.0,0.452243125,0.8818,18344.217937879
55200,1104.0,0.034999999999999996,0.0003530237579345703,1.0,0.4564398046875,0.88076,18377.621018003
55300,1106.0,0.034999999999999996,0.0003529122161865234,1.0,0.4526664453125,0.88172,18411.032841343
55400,1108.0,0.034999999999999996,0.00034953136444091797,1.0,0.455835703125,0.88152,18444.419391092
55500,1110.0,0.034999999999999996,0.00035480945587158206,1.0,0.453056796875,0.88216,18477.812131130002
55600,1112.0,0.034999999999999996,0.0003475940704345703,1.0,0.45537046875,0.88148,18511.145020714
55700,1114.0,0.034999999999999996,0.00035504020690917967,1.0,0.451717578125,0.8816,18544.483598857
55800,1116.0,0.034999999999999996,0.0003531099319458008,1.0,0.4540915625,0.88172,18577.813687574002
55900,1118.0,0.034999999999999996,0.00035294223785400393,1.0,0.450779296875,0.88224,18611.137873303
56000,1120.0,0.034999999999999996,0.0003561019515991211,1.0,0.4532803125,0.88176,18644.463682718
56100,1122.0,0.034999999999999996,0.00035504837036132815,1.0,0.4497494921875,0.88232,18677.813530519
56200,1124.0,0.034999999999999996,0.0003548291778564453,1.0,0.453626796875,0.88116,18711.193064031
56300,1126.0,0.034999999999999996,0.0003548316192626953,1.0,0.44956203125,0.88148,18744.57301665
56400,1128.0,0.034999999999999996,0.0003536410140991211,1.0,0.452083515625,0.88152,18777.945289765
56500,1130.0,0.034999999999999996,0.0003576974105834961,1.0,0.4490592578125,0.88224,18811.298047983
56600,1132.0,0.034999999999999996,0.00035724395751953126,1.0,0.4519152734375,0.88204,18844.646779853
56700,1134.0,0.034999999999999996,0.00035722400665283205,1.0,0.448883359375,0.88212,18878.015016818
56800,1136.0,0.034999999999999996,0.0003555358123779297,1.0,0.452484140625,0.8816,18911.348510695
56900,1138.0,0.034999999999999996,0.00035599037170410157,1.0,0.448583359375,0.88188,18944.6813247
57000,1140.0,0.034999999999999996,0.00035849449157714845,1.0,0.451140078125,0.88184,18978.042724521
57100,1142.0,0.034999999999999996,0.0003586370849609375,1.0,0.447514765625,0.88196,19011.44456315
57200,1144.0,0.034999999999999996,0.000361624755859375,1.0,0.45089328125,0.88136,19044.848683336
57300,1146.0,0.034999999999999996,0.00035956497192382814,1.0,0.448068515625,0.88148,19078.220681928
57400,1148.0,0.034999999999999996,0.0003579698181152344,1.0,0.450561171875,0.88096,19111.544358603
57500,1150.0,0.034999999999999996,0.0003619950866699219,1.0,0.447225,0.88192,19144.883876841
57600,1152.0,0.034999999999999996,0.00035970840454101563,1.0,0.44963609375,0.8816,19178.205038509
57700,1154.0,0.034999999999999996,0.0003584003448486328,1.0,0.447173984375,0.88224,19211.544572512
57800,1156.0,0.034999999999999996,0.0003609642028808594,1.0,0.451063046875,0.8816,19244.852735017
57900,1158.0,0.034999999999999996,0.0003585673141479492,1.0,0.4477298046875,0.8822,19278.122530188
58000,1160.0,0.034999999999999996,0.0003621992492675781,1.0,0.450998046875,0.88144,19311.343366426
58100,1162.0,0.034999999999999996,0.00036158958435058593,1.0,0.4478272265625,0.88216,19344.65546164
58200,1164.0,0.034999999999999996,0.00036088539123535154,1.0,0.4502389453125,0.88136,19378.012258158
58300,1166.0,0.034999999999999996,0.00036266029357910157,1.0,0.448510078125,0.88224,19411.313215293
58400,1168.0,0.034999999999999996,0.00036103485107421874,1.0,0.45118171875,0.88172,19444.635460115
58500,1170.0,0.034999999999999996,0.000361645393371582,1.0,0.447856484375,0.88232,19477.959713705
58600,1172.0,0.034999999999999996,0.00036717262268066406,1.0,0.451717578125,0.88132,19511.267619565002
58700,1174.0,0.034999999999999996,0.0003629764556884766,1.0,0.447834375,0.88228,19544.564603825
58800,1176.0,0.034999999999999996,0.00036461761474609373,1.0,0.449993515625,0.88184,19577.870034496
58900,1178.0,0.034999999999999996,0.00036002243041992186,1.0,0.4472044140625,0.88268,19611.191934471
59000,1180.0,0.034999999999999996,0.0003640370941162109,1.0,0.450710390625,0.88188,19644.466853617
59100,1182.0,0.034999999999999996,0.00036317996978759765,1.0,0.4477084375,0.88248,19677.791117627
59200,1184.0,0.034999999999999996,0.00036261077880859376,1.0,0.45062046875,0.88208,19711.107121981
59300,1186.0,0.034999999999999996,0.00036369190216064455,1.0,0.4492355859375,0.88252,19744.434730478
59400,1188.0,0.034999999999999996,0.00036245582580566406,1.0,0.45108140625,0.88204,19777.717844779
59500,1190.0,0.034999999999999996,0.00036645454406738283,1.0,0.449129921875,0.88264,19810.982676118
59600,1192.0,0.034999999999999996,0.0003627015686035156,1.0,0.45172484375,0.88188,19844.242286022
59700,1194.0,0.034999999999999996,0.0003638132095336914,1.0,0.44915453125,0.88256,19877.476089112
59800,1196.0,0.034999999999999996,0.00036462844848632813,1.0,0.451659375,0.8818,19910.708309824
59900,1198.0,0.034999999999999996,0.0003612325668334961,1.0,0.449629453125,0.88188,19943.95982908
60000,1200.0,0.034999999999999996,0.0003588070678710937,1.0,0.451944765625,0.88168,19977.22647815
60100,1202.0,0.034999999999999996,0.0003618726348876953,1.0,0.4493261328125,0.88228,20010.504030585
60200,1204.0,0.034999999999999996,0.00036208869934082033,1.0,0.4521544140625,0.881,20043.73924455
60300,1206.0,0.034999999999999996,0.0003627947235107422,1.0,0.44882015625,0.88188,20076.995322637
60400,1208.0,0.034999999999999996,0.00036147727966308595,1.0,0.451468515625,0.88116,20110.254697083
60500,1210.0,0.034999999999999996,0.0003614653015136719,1.0,0.449330703125,0.88208,20143.509741727
60600,1212.0,0.034999999999999996,0.0003647198486328125,1.0,0.45197765625,0.88128,20176.722305505
60700,1214.0,0.034999999999999996,0.00036216087341308593,1.0,0.45050234375,0.88156,20209.929021411
60800,1216.0,0.034999999999999996,0.00035960807800292967,1.0,0.452630625,0.88088,20243.155159382
60900,1218.0,0.034999999999999996,0.00036083206176757814,1.0,0.45004375,0.8816,20276.370422913
61000,1220.0,0.034999999999999996,0.0003600322723388672,1.0,0.4529596875,0.88076,20309.612963717
61100,1222.0,0.034999999999999996,0.00035958251953125,1.0,0.4500576171875,0.8818,20342.898120103
61200,1224.0,0.034999999999999996,0.0003593317413330078,1.0,0.4527006640625,0.88072,20376.132712366
61300,1226.0,0.034999999999999996,0.0003581328582763672,1.0,0.45031140625,0.88148,20409.399517658
61400,1228.0,0.034999999999999996,0.00035969783782958985,1.0,0.4533684765625,0.88076,20442.641654026
61500,1230.0,0.034999999999999996,0.000358122673034668,1.0,0.45104640625,0.8816,20475.871004068
61600,1232.0,0.034999999999999996,0.0003614828109741211,1.0,0.4536140234375,0.88104,20509.094002018
61700,1234.0,0.034999999999999996,0.0003593285369873047,1.0,0.4507065234375,0.8816,20542.317933636
61800,1236.0,0.034999999999999996,0.00035659713745117186,1.0,0.4532442578125,0.8804,20575.512861205
61900,1238.0,0.034999999999999996,0.00035626777648925783,1.0,0.4512634375,0.88136,20608.675178511
62000,1240.0,0.034999999999999996,0.0003594817352294922,1.0,0.4537075,0.88072,20641.918210747
62100,1242.0,0.034999999999999996,0.00035664669036865234,1.0,0.4517189453125,0.8814,20675.275913893
62200,1244.0,0.034999999999999996,0.0003567429351806641,1.0,0.4550848046875,0.88016,20708.747007594
62300,1246.0,0.034999999999999996,0.00035483734130859374,1.0,0.4523605859375,0.8808,20742.159923955
62400,1248.0,0.034999999999999996,0.0003545942687988281,1.0,0.4552980859375,0.87996,20775.464715958
62500,1250.0,0.034999999999999996,0.0003552442932128906,1.0,0.45409828125,0.88088,20808.714841525
62600,1252.0,0.034999999999999996,0.00035275684356689453,1.0,0.455905078125,0.88032,20841.955046185
62700,1254.0,0.034999999999999996,0.00035242870330810545,1.0,0.45380796875,0.88072,20875.119770695
62800,1256.0,0.034999999999999996,0.0003521875762939453,1.0,0.45588609375,0.88064,20908.361344571
62900,1258.0,0.034999999999999996,0.0003542848205566406,1.0,0.4552075,0.88096,20941.758878178
63000,1260.0,0.034999999999999996,0.0003520744323730469,1.0,0.45770734375,0.88076,20975.173834492
63100,1262.0,0.034999999999999996,0.0003494479370117188,1.0,0.4547534375,0.88116,21008.580324938
63200,1264.0,0.034999999999999996,0.000350391845703125,1.0,0.4569199609375,0.88096,21041.85892921
63300,1266.0,0.034999999999999996,0.00035038982391357424,1.0,0.456768125,0.88076,21075.050957593
63400,1268.0,0.034999999999999996,0.00034854679107666016,1.0,0.4585704296875,0.88096,21108.334207025
63500,1270.0,0.034999999999999996,0.0003476806640625,1.0,0.4572262890625,0.88092,21141.765844858
63600,1272.0,0.034999999999999996,0.0003468025207519531,1.0,0.45900890625,0.88064,21175.248823208
63700,1274.0,0.034999999999999996,0.0003464936065673828,1.0,0.4572336328125,0.88124,21208.578840808
63800,1276.0,0.034999999999999996,0.0003446442413330078,1.0,0.4592537890625,0.88096,21241.698708246
63900,1278.0,0.034999999999999996,0.0003449419403076172,1.0,0.457402109375,0.88132,21274.90941987
64000,1280.0,0.034999999999999996,0.00034409687042236326,1.0,0.460448984375,0.88124,21308.249813496
64100,1282.0,0.034999999999999996,0.00034316017150878906,1.0,0.4589815234375,0.8812,21341.656085353
64200,1284.0,0.034999999999999996,0.00034282852172851563,1.0,0.46062875,0.88156,21375.098111022002
64300,1286.0,0.034999999999999996,0.0003427539825439453,1.0,0.45925453125,0.88148,21408.477709491
64400,1288.0,0.034999999999999996,0.00034169212341308595,1.0,0.4613968359375,0.8816,21441.735130931
64500,1290.0,0.034999999999999996,0.0003387723922729492,1.0,0.46028453125,0.8816,21474.981103442
64600,1292.0,0.034999999999999996,0.0003413903045654297,1.0,0.463335078125,0.88136,21508.355073261002
64700,1294.0,0.034999999999999996,0.00033902183532714844,1.0,0.462409765625,0.88104,21541.810403834
64800,1296.0,0.034999999999999996,0.0003394696044921875,1.0,0.46419953125,0.8814,21575.196387916
64900,1298.0,0.034999999999999996,0.0003399635314941406,1.0,0.4622480859375,0.8808,21608.383659013
65000,1300.0,0.034999999999999996,0.0003368946075439453,1.0,0.46418203125,0.88128,21641.81145482
65100,1302.0,0.034999999999999996,0.0003371266555786133,1.0,0.46241734375,0.8814,21675.148325541
65200,1304.0,0.034999999999999996,0.00033622753143310545,1.0,0.464046015625,0.88136,21708.328149715002
65300,1306.0,0.034999999999999996,0.00033576385498046874,1.0,0.463412265625,0.88104,21741.534791456
65400,1308.0,0.034999999999999996,0.00033427261352539063,1.0,0.46461078125,0.88144,21774.963200228
65500,1310.0,0.034999999999999996,0.0003335978698730469,1.0,0.4641725,0.88092,21808.307356246
65600,1312.0,0.034999999999999996,0.00033216056823730467,1.0,0.4675637109375,0.88032,21841.517429006
65700,1314.0,0.034999999999999996,0.0003321837615966797,1.0,0.465477109375,0.88088,21874.67467792
65800,1316.0,0.034999999999999996,0.00033106632232666013,1.0,0.466820625,0.88068,21907.885968887
65900,1318.0,0.034999999999999996,0.00032939453125,1.0,0.4664267578125,0.88036,21941.154878449
66000,1320.0,0.034999999999999996,0.00033218299865722656,1.0,0.469159375,0.88072,21974.457557781
66100,1322.0,0.034999999999999996,0.00032992950439453126,1.0,0.467748203125,0.8802,22007.822783454
66200,1324.0,0.034999999999999996,0.00032842941284179686,1.0,0.46985984375,0.88016,22041.146252503
66300,1326.0,0.034999999999999996,0.0003285102081298828,1.0,0.467930625,0.88056,22074.503025027
66400,1328.0,0.034999999999999996,0.00032651050567626954,1.0,0.4695310546875,0.88096,22107.870085875
66500,1330.0,0.034999999999999996,0.000324573974609375,1.0,0.468384296875,0.88056,22141.246082598
66600,1332.0,0.034999999999999996,0.0003250540542602539,1.0,0.4704665625,0.88016,22174.628468886
66700,1334.0,0.034999999999999996,0.0003246965789794922,1.0,0.468939296875,0.88044,22208.003066919002
66800,1336.0,0.034999999999999996,0.00032561424255371095,1.0,0.470957265625,0.88092,22241.386966323
66900,1338.0,0.034999999999999996,0.000322156982421875,1.0,0.470514140625,0.88076,22274.712633027
67000,1340.0,0.034999999999999996,0.0003236969757080078,1.0,0.473137578125,0.88076,22308.009426522
67100,1342.0,0.034999999999999996,0.0003212476348876953,1.0,0.4721137109375,0.88088,22341.290217782
67200,1344.0,0.034999999999999996,0.00032298240661621095,1.0,0.473171484375,0.88096,22374.552766244
67300,1346.0,0.034999999999999996,0.00032102821350097656,1.0,0.4737876953125,0.8808,22407.869185512
67400,1348.0,0.034999999999999996,0.0003198972511291504,1.0,0.474954375,0.88004,22441.226573459
67500,1350.0,0.034999999999999996,0.0003173436737060547,1.0,0.47467390625,0.88072,22474.582534196
67600,1352.0,0.034999999999999996,0.00031918367385864256,1.0,0.475263359375,0.88128,22507.958678026
67700,1354.0,0.034999999999999996,0.00031682737350463867,1.0,0.475245234375,0.88092,22541.353641077
67800,1356.0,0.034999999999999996,0.00031582323074340823,1.0,0.478287734375,0.8812,22574.693319949
67900,1358.0,0.034999999999999996,0.0003162185287475586,1.0,0.475441640625,0.88164,22608.004492555
68000,1360.0,0.034999999999999996,0.00031468482971191405,1.0,0.47921484375,0.88148,22641.287048356
68100,1362.0,0.034999999999999996,0.00031459945678710937,1.0,0.478778046875,0.88084,22674.539320551
68200,1364.0,0.034999999999999996,0.0003142027282714844,1.0,0.4804748046875,0.88132,22707.804210459
68300,1366.0,0.034999999999999996,0.00031128128051757814,1.0,0.479761953125,0.88052,22741.160146728
68400,1368.0,0.034999999999999996,0.00031130985260009763,1.0,0.48085359375,0.88128,22774.563518329
68500,1370.0,0.034999999999999996,0.000312943115234375,1.0,0.48097609375,0.88104,22807.902526599
68600,1372.0,0.034999999999999996,0.0003098781585693359,1.0,0.483378046875,0.88104,22841.261701374002
68700,1374.0,0.034999999999999996,0.0003085837173461914,1.0,0.48346234375,0.88064,22874.595965694
68800,1376.0,0.034999999999999996,0.0003088564682006836,1.0,0.483839375,0.88156,22907.916139948
68900,1378.0,0.034999999999999996,0.00030906845092773435,1.0,0.48306640625,0.881,22941.213867191
69000,1380.0,0.034999999999999996,0.00030929306030273436,1.0,0.4847929296875,0.88128,22974.510750849
69100,1382.0,0.034999999999999996,0.00030646121978759763,1.0,0.48475109375,0.8804,23007.846970497
69200,1384.0,0.034999999999999996,0.00030674846649169924,1.0,0.48741671875,0.8806,23041.213746452002
69300,1386.0,0.034999999999999996,0.00030619354248046876,1.0,0.4861333984375,0.88084,23074.62794754
69400,1388.0,0.034999999999999996,0.0003049629592895508,1.0,0.488464921875,0.88084,23108.048033296
69500,1390.0,0.034999999999999996,0.00030353057861328125,1.0,0.487593359375,0.88056,23141.494553308
69600,1392.0,0.034999999999999996,0.00030253469467163085,1.0,0.4889920703125,0.88084,23174.81600715
69700,1394.0,0.034999999999999996,0.0003017917442321777,1.0,0.48897296875,0.8808,23207.990587137
69800,1396.0,0.034999999999999996,0.0003022061538696289,1.0,0.4913851171875,0.88068,23241.163476288
69900,1398.0,0.034999999999999996,0.00029954753875732423,1.0,0.4911658203125,0.88036,23274.459761534
70000,1400.0,0.034999999999999996,0.00030047664642333987,1.0,0.49321171875,0.8806,23307.862292563
70100,1402.0,0.0035000000000000005,0.0002992240524291992,1.0,0.475795234375,0.88556,23341.33406986
70200,1404.0,0.0035000000000000005,0.00029870054244995116,1.0,0.460956328125,0.89076,23374.693635712
70300,1406.0,0.0035000000000000005,0.0002984669303894043,1.0,0.44780125,0.89484,23407.878851641
70400,1408.0,0.0035000000000000005,0.0002994752883911133,1.0,0.437646875,0.89836,23441.094384226
70500,1410.0,0.0035000000000000005,0.00029984441757202146,1.0,0.428356640625,0.9006,23474.350200328
70600,1412.0,0.0035000000000000005,0.0002988095474243164,1.0,0.42152546875,0.90208,23507.689368932
70700,1414.0,0.0035000000000000005,0.00029778396606445313,1.0,0.4147040625,0.90372,23541.108356177
70800,1416.0,0.0035000000000000005,0.0002986902236938477,1.0,0.41047453125,0.9056,23574.525050055
70900,1418.0,0.0035000000000000005,0.00029812219619750974,1.0,0.405234296875,0.90568,23607.977450644
71000,1420.0,0.0035000000000000005,0.0002978463745117187,1.0,0.4030535546875,0.90832,23641.464207587
71100,1422.0,0.0035000000000000005,0.00029783565521240233,1.0,0.3990945703125,0.9086,23674.960769427
71200,1424.0,0.0035000000000000005,0.00029753963470458987,1.0,0.3984634375,0.91044,23708.43062847
71300,1426.0,0.0035000000000000005,0.0002986574554443359,1.0,0.3951747265625,0.91,23741.887965421
71400,1428.0,0.0035000000000000005,0.00029763223648071287,1.0,0.3955590625,0.9116,23775.323516047
71500,1430.0,0.0035000000000000005,0.0002980137062072754,1.0,0.3926931640625,0.9114,23808.602035826
71600,1432.0,0.0035000000000000005,0.0002960494613647461,1.0,0.393841171875,0.91232,23841.858331986
71700,1434.0,0.0035000000000000005,0.0002987349319458008,1.0,0.391166796875,0.91248,23875.207919239
71800,1436.0,0.0035000000000000005,0.0002988142204284668,1.0,0.392732109375,0.91272,23908.587679657
71900,1438.0,0.0035000000000000005,0.00029730588912963866,1.0,0.39032109375,0.9128,23942.010691318
72000,1440.0,0.0035000000000000005,0.0002991947364807129,1.0,0.39219890625,0.91312,23975.47418797
72100,1442.0,0.0035000000000000005,0.0002975727081298828,1.0,0.3898987109375,0.91328,24008.843750315
72200,1444.0,0.0035000000000000005,0.00029833244323730466,1.0,0.39200390625,0.91344,24042.083142866
72300,1446.0,0.0035000000000000005,0.000295839958190918,1.0,0.38975734375,0.91324,24075.306118037
72400,1448.0,0.0035000000000000005,0.000297817497253418,1.0,0.392000703125,0.91384,24108.589204743
72500,1450.0,0.0035000000000000005,0.0002971392059326172,1.0,0.389667734375,0.91424,24141.927105161
72600,1452.0,0.0035000000000000005,0.00029697486877441404,1.0,0.39210734375,0.91436,24175.339900659
72700,1454.0,0.0035000000000000005,0.0002959360122680664,1.0,0.3898815234375,0.91404,24208.779999501
72800,1456.0,0.0035000000000000005,0.0002965260314941406,1.0,0.3923346875,0.91396,24242.227960013
72900,1458.0,0.0035000000000000005,0.0002965363693237305,1.0,0.3900540625,0.91424,24275.689211539
73000,1460.0,0.0035000000000000005,0.00029691110610961916,1.0,0.392518671875,0.91416,24309.134605375
73100,1462.0,0.0035000000000000005,0.00029548334121704103,1.0,0.3902039453125,0.91452,24342.401969433
73200,1464.0,0.0035000000000000005,0.00029720949172973635,1.0,0.392707109375,0.91432,24375.577484154
73300,1466.0,0.0035000000000000005,0.00029693367004394533,1.0,0.390386015625,0.91444,24409.005115387
73400,1468.0,0.0035000000000000005,0.00029721782684326173,1.0,0.3929478125,0.9148,24442.259706928002
73500,1470.0,0.0035000000000000005,0.00029664772033691407,1.0,0.3906481640625,0.91512,24475.448741492
73600,1472.0,0.0035000000000000005,0.0002970882034301758,1.0,0.393214765625,0.91488,24508.791878032
73700,1474.0,0.0035000000000000005,0.0002975022506713867,1.0,0.390791484375,0.91504,24542.205028169
73800,1476.0,0.0035000000000000005,0.00029525197982788084,1.0,0.3933508984375,0.91504,24575.666526542
73900,1478.0,0.0035000000000000005,0.0002948239326477051,1.0,0.390975234375,0.91504,24609.098975881
74000,1480.0,0.0035000000000000005,0.0002963048362731934,1.0,0.39349015625,0.9152,24642.520324774
74100,1482.0,0.0035000000000000005,0.00029718700408935545,1.0,0.391150546875,0.9152,24675.956431351
74200,1484.0,0.0035000000000000005,0.0002967887306213379,1.0,0.3937067578125,0.91532,24709.362536685
74300,1486.0,0.0035000000000000005,0.00029495553970336914,1.0,0.3913450390625,0.91532,24742.612869327
74400,1488.0,0.0035000000000000005,0.0002964622688293457,1.0,0.393836484375,0.9152,24775.770551469
74500,1490.0,0.0035000000000000005,0.00029584075927734376,1.0,0.391469921875,0.9154,24809.130484486
74600,1492.0,0.0035000000000000005,0.0002970852470397949,1.0,0.394008984375,0.9152,24842.513198136
74700,1494.0,0.0035000000000000005,0.0002954434585571289,1.0,0.39161609375,0.91528,24875.875746552
74800,1496.0,0.0035000000000000005,0.0002967422866821289,1.0,0.394185,0.91524,24909.241175202
74900,1498.0,0.0035000000000000005,0.00029716304779052737,1.0,0.39183296875,0.91516,24942.612576733
75000,1500.0,0.0035000000000000005,0.00029482540130615234,1.0,0.3943511328125,0.91512,24975.988340697
75100,1502.0,0.0035000000000000005,0.0002952719306945801,1.0,0.391950234375,0.91508,25009.424943664
75200,1504.0,0.0035000000000000005,0.0002963993453979492,1.0,0.39440921875,0.9152,25042.876007332
75300,1506.0,0.0035000000000000005,0.00029643747329711914,1.0,0.39200578125,0.91512,25076.292604805
75400,1508.0,0.0035000000000000005,0.00029540300369262695,1.0,0.3945173046875,0.9152,25109.707570493
75500,1510.0,0.0035000000000000005,0.0002953995895385742,1.0,0.392146953125,0.9152,25143.116090195
75600,1512.0,0.0035000000000000005,0.00029511014938354493,1.0,0.394609765625,0.91532,25176.518452388
75700,1514.0,0.0035000000000000005,0.00029539485931396486,1.0,0.392236328125,0.91528,25209.892679664
75800,1516.0,0.0035000000000000005,0.00029480249404907226,1.0,0.394724765625,0.91532,25243.257165513
75900,1518.0,0.0035000000000000005,0.00029570858001708985,1.0,0.3923338671875,0.91528,25276.58313829
76000,1520.0,0.0035000000000000005,0.0002943741416931152,1.0,0.3947780859375,0.91532,25309.877567659
76100,1522.0,0.0035000000000000005,0.00029536991119384767,1.0,0.392378046875,0.91516,25343.198423097
76200,1524.0,0.0035000000000000005,0.0002964629364013672,1.0,0.3948848828125,0.91524,25376.553044138
76300,1526.0,0.0035000000000000005,0.00029526010513305665,1.0,0.392493359375,0.91516,25409.952307426
76400,1528.0,0.0035000000000000005,0.00029405029296875,1.0,0.3949574609375,0.91524,25443.355204001
76500,1530.0,0.0035000000000000005,0.0002942655944824219,1.0,0.392562421875,0.91516,25476.777434078
76600,1532.0,0.0035000000000000005,0.0002937605667114258,1.0,0.3950753125,0.91516,25510.204649079
76700,1534.0,0.0035000000000000005,0.0002953810882568359,1.0,0.39266625,0.91504,25543.628635379002
76800,1536.0,0.0035000000000000005,0.00029550411224365234,1.0,0.3952128125,0.91516,25577.053921897
76900,1538.0,0.0035000000000000005,0.000295179386138916,1.0,0.392820703125,0.91504,25610.459169512
77000,1540.0,0.0035000000000000005,0.0002942856979370117,1.0,0.3953815625,0.91504,25643.836087427
77100,1542.0,0.0035000000000000005,0.0002932878684997559,1.0,0.392973359375,0.91512,25677.322465922
77200,1544.0,0.0035000000000000005,0.00029396888732910155,1.0,0.395455234375,0.91516,25710.775671833002
77300,1546.0,0.0035000000000000005,0.0002940814971923828,1.0,0.39305515625,0.91496,25744.12685012
77400,1548.0,0.0035000000000000005,0.00029330793380737304,1.0,0.39553296875,0.91504,25777.46889843
77500,1550.0,0.0035000000000000005,0.00029442880630493163,1.0,0.3932059375,0.91504,25810.778535009
77600,1552.0,0.0035000000000000005,0.0002946703338623047,1.0,0.395678125,0.91516,25844.062606547002
77700,1554.0,0.0035000000000000005,0.0002935978889465332,1.0,0.3932448046875,0.91504,25877.328979342
77800,1556.0,0.0035000000000000005,0.0002934046173095703,1.0,0.395764453125,0.91516,25910.611778989998
77900,1558.0,0.0035000000000000005,0.0002934574317932129,1.0,0.393369921875,0.91504,25943.867781409
78000,1560.0,0.0035000000000000005,0.0002934970474243164,1.0,0.3958518359375,0.91528,25977.110610385997
78100,1562.0,0.0035000000000000005,0.00029595148086547854,1.0,0.39345515625,0.91512,26010.360620689
78200,1564.0,0.0035000000000000005,0.0002938839340209961,1.0,0.395936015625,0.91528,26043.658957158998
78300,1566.0,0.0035000000000000005,0.00029130748748779295,1.0,0.3935778125,0.915,26076.991742790004
78400,1568.0,0.0035000000000000005,0.00029220741271972656,1.0,0.396071171875,0.91508,26110.324524754997
78500,1570.0,0.0035000000000000005,0.0002930947685241699,1.0,0.393679609375,0.91504,26143.706041175003
78600,1572.0,0.0035000000000000005,0.00029260734558105467,1.0,0.3961704296875,0.91508,26177.141287855997
78700,1574.0,0.0035000000000000005,0.0002926192092895508,1.0,0.3937939453125,0.91492,26210.611734453003
78800,1576.0,0.0035000000000000005,0.0002943549728393555,1.0,0.3962623828125,0.91508,26243.971292387
78900,1578.0,0.0035000000000000005,0.00029282646179199217,1.0,0.393883203125,0.91492,26277.084493202
79000,1580.0,0.0035000000000000005,0.00029290515899658206,1.0,0.3963725,0.91508,26310.106447101
79100,1582.0,0.0035000000000000005,0.00029271778106689455,1.0,0.3940136328125,0.91492,26343.108977674998
79200,1584.0,0.0035000000000000005,0.00029244483947753907,1.0,0.396466328125,0.91516,26376.128723201004
79300,1586.0,0.0035000000000000005,0.00029339643478393555,1.0,0.394069921875,0.91492,26409.150988883997
79400,1588.0,0.0035000000000000005,0.0002929387092590332,1.0,0.396477109375,0.91508,26442.134794725
79500,1590.0,0.0035000000000000005,0.00029212959289550783,1.0,0.39416625,0.91496,26475.15939477
79600,1592.0,0.0035000000000000005,0.00029312189102172854,1.0,0.396576015625,0.91508,26508.179864171
79700,1594.0,0.0035000000000000005,0.0002926491928100586,1.0,0.3942403515625,0.91472,26541.219173991
79800,1596.0,0.0035000000000000005,0.0002924959945678711,1.0,0.3966727734375,0.91508,26574.247411114997
79900,1598.0,0.0035000000000000005,0.00029244384765625,1.0,0.394338046875,0.91488,26607.268737991002
80000,1600.0,0.0035000000000000005,0.0002921891403198242,1.0,0.396784921875,0.91492,26640.296768909004
